{
  "Get a web page's content": "Récupére le contenu d'une page web",
  "File's URL": "URL du fichier",
  "Server's IP if you want to connect to a server. Then, remove the prefix ${grey:xxx://}": "Adresse IP du serveur si vous souhaitez vous connecter à un serveur précis. Omettez alors le préfixe ${grey:xxx://}",
  "Download location. If omitted, will just display the file.": "Emplacement du téléchargement. Si omis, affiche le contenu du fichier",
  "Allow styles to be displayed": "Afficher la mise en forme",
  "Allow web page to run scripts on your server": "Autoriser la page web à exécuter des scripts sur votre serveur",
  "Port to use. If omitted, use the port 80.": "Numéro du port à utiliser. Si omis, utilise le port 80.",

  "This server doesn't exist or isn't connected to hypernet": "Ce serveur n'existe pas ou n'est pas connecté à hypernet",
  "Cannot resolve DNS domain": "L'URL que vous avez demandée ne correspond à aucun nom de domaine enregistré",
  "Unable to write the download's location": "Impossible d'écrire dans le fichier de téléchargement",
  "Download has finished successfully": "Le téléchargement a bien été effectué"
}
