{
  "Connect to a distant server": "Connection à un serveur distant",
  "User name": "Nom d'utilisateur",
  "User password": "Mot de passe de l'utilisateur",

  "This server doesn't exist": "Ce serveur n'existe pas",
  "Server refused the SSH connection": "Le serveur a refusé la connection SSH",
  "Server said : Wrong login, user \"${name}\" doesn't exist": "Le serveur a dit : Mauvais nom d'utilisateur, l'utilisateur \"${name}\"",
  "Server said : Wrong password": "Le serveur a dit : Mauvais mot de passe"
}
